Facility Id,FRS Id,Facility Name,State where Emissions Occur,Reported City,Reported State,Reported Zip Code,Reported Address,Reported County,Reported Latitude,Reported Longitude,Total reported direct emissions from Local Distribution Companies,Carbon emissions (non-biogenic),Methane (CH4) emissions,Nitrous Oxide (N2O) emissions,Does the facility employ continuous emissions monitoring? 
1008026,110071160130,Ameren Illinois,IL,Peoria,IL,61602,300 Liberty Street,PEORIA COUNTY,40.69045,-89.5924,76659.696,1102.6,75556.5,0.596,N
1004034,110071160131,Ameren Missouri,MO,St. Louis,MO,63103,1901 Chouteau Avenue,ST. LOUIS CITY,38.620667,-90.211086,14890.65,17.9,14872.75,,N
1007872,110071161198,Atlanta Gas Light Company,GA,Atlanta,GA,30309,Ten Peachtree Place,FULTON COUNTY,33.797114,-84.380489,200092.9,11793.4,188299.5,,N
1004794,110070081906,Atmos Energy Corporation - Colorado,CO,Dallas,TX,75240,5430 LBJ Freeway,DALLAS COUNTY,32.925488,-96.816137,16014.8,19.3,15995.5,,N
1001388,110071162238,Atmos Energy Corporation - Kansas,KS,Dallas,TX,75240,5430 LBJ Freeway,DALLAS COUNTY,32.925488,-96.816137,23302.85,28.1,23274.75,,N
1001389,110043973153,Atmos Energy Corporation - Kentucky,KY,Dallas,TX,75240,5430 LBJ Freeway,DALLAS COUNTY,32.92548,-96.81613,24439.65,29.4,24410.25,,N
1001390,110043973153,Atmos Energy Corporation - Louisiana,LA,Dallas,TX,75240,5430 LBJ Freeway,DALLAS COUNTY,32.92548,-96.81613,50292,60.5,50231.5,,N
1001391,110071159496,Atmos Energy Corporation - Mississippi,MS,Dallas,TX,75240,5430 LBJ Freeway,DALLAS COUNTY,32.925488,-96.816137,56267.95,67.7,56200.25,,N
1006887,110043973153,Atmos Energy Corporation - Tennessee,TN,Dallas,TX,75240,5430 LBJ Freeway,DALLAS COUNTY,32.92548,-96.81613,17832.75,21.5,17811.25,,N
1001398,110071159497,Atmos Energy Corporation - Texas,TX,Dallas,TX,75240,5430 LBJ Freeway,DALLAS COUNTY,32.925488,-96.816137,512875.75,617.5,512258.25,,N
1001402,110071159498,Atmos Energy Corporation- Virginia,VA,Dallas,TX,75240,5430 LBJ Freeway,DALLAS COUNTY,32.925488,-96.816137,2654.45,3.2,2651.25,,N
1003050,110071161359,Avista Corporation-WA,WA,Spokane,WA,99220,1411 E. Mission,SPOKANE COUNTY,47.66,-117.39,16099.65,19.4,16080.25,,N
1005477,110071159904,Baltimore Gas & Electric Company,MD,Baltimore,MD,21230,1699 Leadenhall Street,BALTIMORE CITY,39.271299,-76.618519,182992.948,958.9,182033.75,0.298,N
1006762,110071160639,Batesville Water & Gas Utility,IN,Batesville,IN,47006,7 N. Eastern Ave.,RIPLEY COUNTY,39.298528,-85.214528,384.25,0.5,383.75,,N
1005329,110071159223,Benton Gas System,KY,Benton,KY,42025,201 Main Street,MARSHALL COUNTY,36.85812,-88.35076,1399.2,1.7,1397.5,,N
1006528,110071161694,"Black Hills Colorado Gas, Inc. dba Black Hills Energy",CO,Fountain,CO,80817,7060 Alegre Street,EL PASO COUNTY,38.72966,-104.72517,33943.65,40.9,33902.75,,N
1006604,110043815057,Black Hills Energy Arkansas LLC.,AR,Fayetteville,AR,72703,655 E. Millsap Road Suite 104,JEFFERSON COUNTY,39.722098,-105.135202,173850.8,209.3,173641.5,,N
1006387,110071161364,"Black Hills Nebraska Gas, LLC. dba Black Hills Energy",NE,Lincoln,NE,68512,1600 Windhoek Drive,LANCASTER COUNTY,40.7587,-96.69715,55155.9,66.4,55089.5,,N
1002481,110071161353,Boston Gas Company,MA,Waltham,MA,2451,40 Sylvan Road,MIDDLESEX COUNTY,42.397671,-71.270903,367635.6,442.6,367193,,N
1004115,110071160443,CON EDISON - NATURAL GAS DELIVERY SYSTEM,NY,New York,NY,10003,"4 Irving Place, Rm 1634",NEW YORK COUNTY,40.734108,-73.98868,200737.948,899.4,199838.25,0.298,N
1004450,,CPS Energy Natural Gas System,TX,San Antonio,TX,78205,145 Navarro,,29.42243,-98.49045,29165.85,35.1,29130.75,,N
1011331,,Cairo Public Utility,IL,Cairo,IL,62914,1100 Commercial Ave,,37.00249,-89.16794,599.45,0.7,598.75,,N
1006497,110071161161,Cascade Natural Gas Coporation - Washington,WA,Kennewick,WA,99336,8113 W Grandridge Blvd,BENTON COUNTY,46.21929,-119.22946,24418.248,674.7,23743.25,0.298,N
1007941,110071160499,Cedar Falls Municipal Gas Utility,IA,Cedar Falls,IA,50613,1 Utility Parkway,BLACK HAWK COUNTY,42.52737,-92.44079,1137.4,1.4,1136,,N
1004047,110071162426,CenterPoint Energy Arkla (Louisiana),LA,Houston,TX,77002,1111 Louisiana,HARRIS COUNTY,29.75761,-95.36826,15914.7,19.2,15895.5,,N
1004090,110071162538,CenterPoint Energy Arkla (Texas),TX,Houston,TX,77002,1111 Louisiana,HARRIS COUNTY,29.75761,-95.36826,1638,2,1636,,N
1004198,110071160441,CenterPoint Energy Entex (Louisiana),LA,Houston,TX,77002,P.O. Box 0305,HARRIS COUNTY,29.752554,-95.370401,14071.15,16.9,14054.25,,N
1004049,110071159240,CenterPoint Energy Entex (Mississippi),MS,Houston,TX,77002,P.O. Box 0305,HARRIS COUNTY,29.752554,-95.370401,19723.45,23.7,19699.75,,N
1005925,110071162239,CenterPoint Energy Entex (Texas),TX,Houston,TX,77002,P.O. Box 0305,HARRIS COUNTY,29.752554,-95.370401,166452.4,200.4,166252,,N
1004086,110071160439,CenterPoint Energy Minnesota Gas,MN,Minneapolis,MN,55459,"800 LaSalle Ave, Floor 14, PO Box 59038",HENNEPIN COUNTY,44.97619,-93.27482,67438.2,81.2,67357,,N
1000011,110000807379,Central Hudson Gas and Electric Corporation,NY,Poughkeepsie,NY,12601,284 South Avenue,DUTCHESS COUNTY,41.690648,-73.931605,17236.4,142.4,17094,,N
1007572,110071160090,Chattanoga Gas Company,TN,Chattanooga,TN,37421,2207 Olan Mills Drive,HAMILTON COUNTY,35.05026,-85.18439,9299.95,11.2,9288.75,,N
1005550,110071161179,Chesapeake Utilities - DE Division,DE,Dover,DE,19901,500 Energy Ln Suite 100,KENT COUNTY,39.155559,-75.528836,5994.95,7.2,5987.75,,N
1007448,110071161180,Chesapeake Utilities - MD Division,MD,Salisbury,MD,21804,32145 Beaver Run Dr,WICOMICO COUNTY,38.37742,-75.49867,1667.75,2,1665.75,,N
1003491,110071159290,City Utilities Natural Gas Distribution System,MO,SPRINGFIELD,MO,65802,301 E. CENTRAL,GREENE COUNTY,37.21738,-93.29036,6330.05,139.8,6190.25,,N
1008498,110071162116,City of Chanute - Utility Complex,KS,Chanute,KS,66720,1002 East 14th Street,NEOSHO COUNTY,37.690348,-95.401344,2068.5,2.5,2066,,N
1004063,110071162224,City of Charlottesville,VA,Charlottesville,VA,22902,605 East Main St,CHARLOTTESVILLE CITY,38.0296,-78.47772,1589.3,1.8,1587.5,,N
1005451,110071159444,City of Covington,TN,Covington,TN,38019,200 W. Washington Ave,TIPTON COUNTY,35.56296,-89.64792,360,0.5,359.5,,N
1010955,,City of Deming,NM,Deming,NM,88030,309 South Gold Avenue,,32.266538,-107.758404,0,0,,,N
1010159,,City of Lexington,NC,Lexington,NC,27292,28 West Center Street,,35.7352485,-80.2321313,2149.5,2.5,2147,,N
1008098,110071159426,City of Mesa,AZ,Mesa,AZ,85211,640 N. Mesa Drive,MARICOPA COUNTY,33.418052,-111.831391,6777.45,8.2,6769.25,,N
1004214,110071160001,City of Perryville,MO,Perryville,MO,63775,215 N West St,PERRY COUNTY,37.72742,-89.86481,544.95,0.7,544.25,,N
1007011,110071159281,City of Rensselaer Gas Utility,IN,Rensselaer,IN,47978,706 N. Cullen,JASPER COUNTY,40.94284,-87.15426,409.75,0.5,409.25,,N
1002273,110071161342,"City of Richmond - DPU, Natural Gas LDC",VA,Richmond,VA,23114,730 East Broad Street,CHESTERFIELD COUNTY,37.489045,-77.665066,25527.2,30.7,25496.5,,N
1000054,110071160313,City of Tallahassee Natural Gas Utility,FL,Tallahassee,FL,32304,2602 Jackson Bluff Road,LEON COUNTY,30.438668,-84.332457,4298.95,5.2,4293.75,,N
1004154,110071160979,"City of Union, South Carolina",SC,Union,SC,29379,101 Sharpe Avenue,UNION COUNTY,34.71568,-81.62514,1803.45,2.2,1801.25,,N
1005771,,Clarke-Mobile Counties Gas District,AL,Jackson,AL,36545,2003 College Avenue,,31.530954,-87.891408,1982.15,2.4,1979.75,,N
1007361,110071161925,Columbia Gas of Kentucky,KY,Merrillville,IN,46410,801 East 86th Avenue,FAYETTE COUNTY,38.08005,-84.53753,32589.2,39.2,32550,,N
1003942,110071161039,Columbia Gas of Ohio,OH,Merrillville,IN,46410,801 East 86th Avenue,FRANKLIN COUNTY,39.95745,-83.00355,236940.05,285.3,236654.75,,N
1003839,110063990953,Columbia Gas of Pennsylvania,PA,Merrillville,IN,46410,801 East 86th Avenue,WASHINGTON COUNTY,40.28588,-80.1788,123860.6,149.1,123711.5,,N
1007304,110071161314,Columbia Gas of Virginia,VA,Merrillville,IN,46410,801 East 86th Avenue,CHESTERFIELD COUNTY,37.36375,-77.39516,32297.65,38.9,32258.75,,N
1007569,110071160642,Connecticut Natural Gas Company,CT,East Hartford,CT,6108,76 Meadow Street,HARTFORD COUNTY,41.76135,-72.65664,46244.35,50.6,46193.75,,N
1004527,110071160593,Consumers Energy Company,MI,Jackson,MI,49201,One Energy Plaza,JACKSON COUNTY,42.315121,-84.375233,216664.188,3296.4,213366,1.788,N
1006503,110071160636,DTE Energy Michcon LDC,MI,Detroit,MI,48226,One Energy Plaza,WAYNE COUNTY,42.328245,-83.049562,390918.898,509.6,390409,0.298,N
1003285,110071159472,Delmarva Power & Light - Gas Delivery,DE,Wilmington,DE,19801,"630 Martin Luther King Jr., Blvd.",NEW CASTLE COUNTY,39.740363,-75.558513,23431.2,28.2,23403,,N
1004703,110071162376,Dominion Energy Ohio - The East Ohio Gas Co (Dist) (Ohio),OH,CLEVELAND,OH,44103,1201 EAST 55TH STREET,CUYAHOGA COUNTY,41.52706,-81.65199,573875,691,573184,,N
1004977,110071161534,Dominion Energy Questar Gas Company (Dist) (Utah),UT,SALT LAKE CITY,UT,84101,1140 WEST 200 SOUTH,SALT LAKE COUNTY,40.76498,-111.92547,96543.546,1267.2,95275.75,0.596,N
1006379,110071162373,Dominion Energy Questar Gas Company (Dist) (Wyoming),WY,SALT LAKE CITY,UT,84101,1140 WEST 200 SOUTH,SALT LAKE COUNTY,40.76498,-111.92547,3003.6,3.6,3000,,N
1004706,110043815574,Dominion Hope Gas West Virginia,WV,Clarksburg,WV,26301,48 Columbia Blvd.,HARRISON COUNTY,39.28413,-80.299985,66293.8,86.8,66207,,N
1001738,110071159544,Duke Energy Kentucky Gas Operation,KY,Cincinnati,OH,45201,139 East Fourth St.,HAMILTON COUNTY,39.106635,-84.536323,6451.05,7.8,6443.25,,N
1002687,110043808591,Duke Energy Ohio Gas Operation,OH,Cincinnati,OH,45201,139 East Fourth St.,HAMILTON COUNTY,39.10036,-84.50994,28303.35,34.1,28269.25,,N
1004054,110043784517,Elizabethtown Gas,NJ,Berkeley Heights,NJ,7922,300 Connell Drive,UNION COUNTY,40.66158,-74.417,45326.698,493.4,44833,0.298,N
1007828,110071161490,Elk River Public Utility District,TN,Tullahoma,TN,37388,217 South Jackson Street,COFFEE COUNTY,35.360512,-86.210315,3331.6,4.1,3327.5,,N
1004179,110071160410,Elkton Gas Company,MD,Elkton,MD,21921,"125 East High Street, Suite B",CECIL COUNTY,39.60977,-75.82896,539.35,0.6,538.75,,N
1001088,110071159558,Energy Services of Pensacola,FL,Pensacola,FL,32514,1625 Atwood Dr,ESCAMBIA COUNTY,30.50515,-87.22575,35470.45,42.7,35427.75,,N
1005572,110071159850,"Entergy Louisiana, LLC Gas Business",LA,Baton Rouge,LA,70805,5755 Choctaw Drive,EAST BATON ROUGE PARISH,30.47085,-91.13304,10133.1,12.1,10121,,N
1005240,110071161294,"Entergy New Orleans, LLC Gas Business",LA,New Orleans,LA,70119,3700 Tulane Ave,ORLEANS PARISH,29.979811,-90.079349,15727.65,18.9,15708.75,,N
1003840,110071162208,Eversource Gas Mass,MA,Westwood,MA,2090,247 Station Dr,WORCESTER COUNTY,42.283831,-71.583763,97639.5,201,97438.5,,N
1005285,110071160149,Fayetteville Public Utilities,TN,Fayetteville,TN,37334,408 College Street West,LINCOLN COUNTY,35.314962,-86.636076,1579.4,1.9,1577.5,,N
1004229,110071160522,Florida City Gas,FL,Rockledge,FL,32955,4180 South US Highway 1,BREVARD COUNTY,27.952165,-80.536618,19502.5,23.5,19479,,N
1011801,,Fountain Inn Natural Gas System,SC,Fountain Inn,SC,29644,100 S. Weston St,,34.69374364,-82.19857025,1153.7,1.7,1152,,N
1007021,110071161140,Humboldt Utilities,TN,Humboldt,TN,38346,207 South 13th Ave.,GIBSON COUNTY,36.029533,-88.808073,406.9,0.4,406.5,,N
1002297,110071159514,Huntsville Utilities,AL,Huntsville,AL,35804,112 Spragins Street,MADISON COUNTY,34.73,-86.59,8480.2,10.7,8469.5,,N
1001251,110071159599,ILLINOIS GAS COMPANY,IL,OLNEY,IL,62450,1927 MILLER DR,RICHLAND COUNTY,38.703671,-88.086588,1481.8,1.8,1480,,N
1004210,110071160246,Indiana Gas Company,IN,Evansville,IN,47708,2111 NW Riverside Dr.,VANDERBURGH COUNTY,37.973424,-87.575423,73890.25,89,73801.25,,N
1002220,110071161718,Intermountain Gas Company,ID,Boise,ID,83709,555 S. Cole Road,ADA COUNTY,43.59906,-116.27417,33217.2,69.2,33148,,N
1002151,110071161778,Interstate Power & Light Gas Distribution,IA,Cedar Rapids,IA,52401,200 1st Street SE,LINN COUNTY,41.97704,-91.66872,21323.2,25.7,21297.5,,N
1003992,110071161040,Jackson Energy Authority,TN,Jackson,TN,38301,119 East College Street,MADISON COUNTY,35.61589,-88.81837,3751.9,4.4,3747.5,,N
1001123,110071160813,Jasper Municipal Gas Utility,IN,Jasper,IN,47547,825 E. 2nd Ave,DUBOIS COUNTY,38.39,-86.93,691.8,0.8,691,,N
1002602,110071160501,KEYSPAN GAS EAST CORPORATION,NY,Hicksville,NY,11801,175 East Old Country Road,NASSAU COUNTY,40.766791,-73.510559,256331.26,10999.3,245326,5.96,N
1004107,110071160978,Kansas Gas Service,KS,Overland Park,KS,66213,7421 W. 129th St,JOHNSON COUNTY,38.89568,-94.67267,94739.85,114.1,94625.75,,N
1002701,110071159610,"LG&E and KU Energy, LLC",KY,Louisville,KY,40202,220 West Main,JEFFERSON COUNTY,38.25634,-85.75418,22118.1,26.6,22091.5,,N
1005481,110071159906,LIBERTY UTILITIES - MASSACHUSETTS,MA,FALL RIVER,MA,2722,P.O. Box 911,BRISTOL COUNTY,41.701398,-71.155837,22009.35,149.6,21859.75,,N
1007319,110071161433,"Memphis Light, Gas, and Water",TN,memphis,TN,38103,220 South Main Street,SHELBY COUNTY,35.139647,-90.055223,29581.35,31.6,29549.75,,N
1003155,110071160842,Metropolitan Utilities District of Omaha,NE,Omaha,NE,68102,1723 Harney Street,DOUGLAS COUNTY,41.25655,-95.93866,46031.9,55.4,45976.5,,N
1006374,110071162366,MidAmerican Energy Company Local Natural Gas Distribution Company - Illinois,IL,Des Moines,IA,50309,"666 Grand Avenue, Suite 500",POLK COUNTY,41.58758,-93.62616,7454,9,7445,,N
1006375,110071161808,MidAmerican Energy Company Local Natural Gas Distribution Company - Nebraska,NE,Des Moines,IA,50309,"666 Grand Avenue, Suite 500",POLK COUNTY,41.58758,-93.62616,891.6,1.1,890.5,,N
1006376,110071160179,MidAmerican Energy Company Local Natural Gas Distribution Company - South Dakota,SD,Des Moines,IA,50309,"666 Grand Avenue, Suite 500",POLK COUNTY,41.58758,-93.62616,8425.6,10.1,8415.5,,N
1002424,110071161351,MidAmerican Energy Local Gas Distribution Company,IA,DesMoines,IA,50309,"666 Grand Avenue, Suite 500",POLK COUNTY,41.58758,-93.62616,76964.496,989.9,75974,0.596,N
1004919,110071160729,Middle Tennessee Natural Gas Utility District,TN,Smithville,TN,37166,1030 West Broad Street,DEKALB COUNTY,35.965524,-85.849081,17122,22,17100,,N
1000388,110071160900,Middleborough Gas & Electric Department,MA,Middleborough,MA,2346,32 South Main St.,PLYMOUTH COUNTY,41.89142,-70.91059,1311,107.5,1203.5,,N
1007381,110071159550,Minnesota Energy Resources Corporation,MN,Rosemount,MN,55068,2665 145th Street West,DAKOTA COUNTY,44.73922,-93.11919,26665.85,32.1,26633.75,,N
1006687,110071160692,Mountaineer Gas Company,WV,Charleston,WV,25304,501 56th St SE,KANAWHA COUNTY,38.383407,-81.67473,131673.25,158.5,131514.75,,N
1007020,110071159900,Murray Natural Gas,KY,Murray,KY,42071,200 Andrus Dr,CALLOWAY COUNTY,36.61977,-88.29808,1412.95,1.7,1411.25,,N
1002603,110071160502,NIAGARA MOHAWK POWER CORPORATION,NY,Syracuse,NY,13202,300 Erie Boulevard West,ONONDAGA COUNTY,43.05078,-76.15739,170045.35,223.6,169821.75,,N
1004163,110071160244,NICOR GAS,IL,NAPERVILLE,IL,60563,1844 W. FERRY ROAD,DUPAGE COUNTY,41.796293,-88.197415,143046.7,10583.7,132463,,N
1006398,110043969550,NIPSCO GAS,IN,Merrillville,IN,46410,801 E. 86th Avenue,LAKE COUNTY,41.46339,-87.32624,146426.192,41853.9,104548.75,23.542,N
1002199,110071161779,NORTHWESTERN ENERGY/GTS,MT,BUTTE,MT,59701,11 E. Park,SILVER BOW COUNTY,46.013787,-112.534853,25524.45,30.7,25493.75,,N
1001277,110071159601,NSTAR Gas Company,MA,Westwood,MA,2090,1 NSTAR Way,NORFOLK COUNTY,42.20446,-71.15937,90647.1,109.1,90538,,N
1007039,110071159796,NW Natural - Oregon,OR,Portland,OR,97204,250 SW Taylor Street,MULTNOMAH COUNTY,45.52471,-122.67244,57582.05,69.3,57512.75,,N
1011405,,NW Natural - Washington,WA,Portland,OR,97204,250 SW Taylor Street,,45.370186,-122.588485,8920.45,10.7,8909.75,,N
1005663,110043788005,National Fuel Gas Distribution Corp - Pennsylvania,PA,Erie,PA,16501,1100 State Street,,42.96506,-78.71458,84018.55,107.8,83910.75,,N
1003066,110071161720,National Fuel Gas Distribution Corporation,NY,Williamsville,NY,14221,6363 Main Street,ERIE COUNTY,42.96609,-78.71452,144717.45,204.2,144513.25,,N
1002582,110071161066,New Jersey Resources,NJ,wall township,NJ,7719,1415 Wyckoff Rd.,MONMOUTH COUNTY,40.21115,-74.12659,33565.4,40.4,33525,,N
1001626,110071159537,New Mexico Gas Company,NM,Albuquerque,NM,87109,7120 Wyoming Blvd. NE Ste. 20,BERNALILLO COUNTY,35.15927,-106.55982,56122.65,67.4,56055.25,,N
1003642,110071161404,New York State Electric and Gas,NY,Binghamton,NY,13904,18 Link Drive,BROOME COUNTY,42.10448,-75.8245,36618.45,44.2,36574.25,,N
1009724,110071160965,NorthWestern Energy NE LDC,NE,Butte,MT,59701,11 E. Park,SILVER BOW COUNTY,46.060023,-112.490614,4050.15,4.9,4045.25,,N
1002986,110071162240,"NorthWestern Energy, SD LDC",SD,Butte,MT,59701,11 E. Park,SILVER BOW COUNTY,46.013787,-112.534853,7191.45,8.7,7182.75,,N
1003203,110071160846,"Northern States Power Company, A Minnesota Corporation",MN,Minneapolis,MN,55401,414 Nicollet Mall,HENNEPIN COUNTY,44.97927,-93.27022,57907.294,1875.4,56031,0.894,N
1000091,110071159598,Norwich,CT,NORWICH,CT,6360,16 S GOLDEN ST,New London,41.5269,-72.0631,2006.75,2.5,2004.25,,N
1000205,110071161799,Okaloosa Gas District,FL,Valparaiso,FL,32580,364 Valparaiso Pkwy,OKALOOSA COUNTY,30.50967,-86.49619,24468.5,29.5,24439,,N
1004108,110071160980,Oklahoma Natural Gas Co.,OK,Oklahoma City,OK,73101,401 N. Harvey,OKLAHOMA COUNTY,35.47121,-97.51788,148826.7,179.2,148647.5,,N
1005256,110071161948,PACIFIC GAS AND ELECTRIC COMPANY,CA,SAN FRANCISCO,CA,94105,77 BEALE STREET,SAN FRANCISCO COUNTY,37.79134,-122.39604,279593.6,336.6,279257,,N
1002791,110071161373,PECO Gas Division,PA,Philadelphia,PA,19101,2301 Market Street  S7-2,PHILADELPHIA COUNTY,39.95415,-75.17781,110208.6,1783.6,108425,,N
1002812,110071162126,PSE&G,NJ,Newark,NJ,7102,80 Park Plaza,ESSEX COUNTY,40.735075,-74.173906,528490.342,2994.4,525494.75,1.192,N
1004567,110071160216,PSNC,NC,Gastonia,NC,28056,"800 Gaston Road, Bld A",GASTON COUNTY,35.227797,-81.108574,54606.95,65.7,54541.25,,N
1008931,110071161061,Paris-Henry County Public Utility District,TN,Paris,TN,38242,215 West Wood St.,HENRY COUNTY,36.30189,-88.32659,0,0,,,N
1010644,110000980118,Peoples Gas Company Pennsylvania,PA,Pittsburgh,PA,15212,375 North Shore Drive,YORK COUNTY,40.063571,-76.720493,47487.7,57.2,47430.5,,N
1004429,110071160472,"Peoples Natural Gas Company, LLC",PA,Pittsburgh,PA,15221,1201 Pitt Street,ALLEGHENY COUNTY,40.44692,-79.88594,213317.05,256.8,213060.25,,N
1006569,110071161714,Philadelphia Gas Works - Corporate,PA,Philadelphia,PA,19122,800 West Montgomery Avenue,PHILADELPHIA COUNTY,39.97907,-75.14869,261041.94,2809.7,258230.75,1.49,N
1001583,110043972387,Piedmont Natural Gas - North Carolina,NC,Charlotte,NC,28210,4720 Piedmont Row Drive,MECKLENBURG COUNTY,35.15187,-80.83978,148094.7,63095.1,84940,59.6,N
1001582,110071162330,Piedmont Natural Gas - South Carolina,SC,Charlotte,NC,28210,4720 Piedmont Row Drive,MECKLENBURG COUNTY,35.15187,-80.83978,17361.5,24,17337.5,,N
1005857,110071159597,Piedmont Natural Gas - Tennessee,TN,Charlotte,NC,28210,4720 Piedmont Row Drive,MECKLENBURG COUNTY,35.15187,-80.83978,44990.7,2847.2,42143.5,,N
1002895,110071161697,Public Service Company of Colorado,CO,Denver,CO,80202,1800 Larimer Street,DENVER COUNTY,39.75107,-104.99502,193670.7,233.2,193437.5,,N
1005387,110043790092,Puget Sound Energy LDC,WA,Bellevue,WA,98004,10885 NE 4th St,KING COUNTY,47.61373,-122.19453,64595.446,1327.1,63267.75,0.596,N
1003576,110071161403,Rochester Gas & Electric Corp,NY,Rochester,NY,14649,89 East Avenue,MONROE COUNTY,43.2689,-77.6294,29663.45,35.7,29627.75,,N
1005435,110071159463,Rock Energy Cooperative,IL,Janesville,WI,53547,2815 Kennedy Rd.,ROCK COUNTY,42.716023,-89.005927,828.15,0.9,827.25,,N
1007125,110071160774,SAN DIEGO GAS & ELECTRIC (LDC),CA,SAN DIEGO,CA,92123,8316 CENTURY PARK CT,SAN DIEGO COUNTY,32.823398,-117.144081,54514.35,65.6,54448.75,,N
1004654,110071161206,SCE&G Gas Operations,SC,Cayce,SC,29033,220 Operations Way,LEXINGTON COUNTY,33.957997,-81.04796,44885.5,54,44831.5,,N
1003026,110071161228,SEMCO Energy Gas Company,MI,Port Huron,MI,48060,"1411 Third St, Suite A",ST. CLAIR COUNTY,42.975187,-82.464445,35698.892,1530.7,34167,1.192,N
1005209,110071159194,SOUTHERN CALIFORNIA GAS CO End User Emissions (LDC),CA,LOS ANGELES,CA,90013,555 WEST 5TH STREET,LOS ANGELES COUNTY,34.043925,-118.242429,1255796.9,1511.9,1254285,,N
1011114,,Sandpiper Energy,MD,Salisbury,MD,21804,32145 Beaver Run Dr,,39.114747,-75.750871,1416.2,1.7,1414.5,,N
1007602,110071160155,South Jersey Gas Company,NJ,Folsom,NJ,8037,One South Jersey Plaza,ATLANTIC COUNTY,39.643728,-74.757115,50302.694,1453.3,48848.5,0.894,N
1005674,110071159484,Southern Connecticut Gas Company,CT,Orange,CT,6477,60 Marsh Hill Rd,NEW HAVEN COUNTY,41.25052,-72.9996,102612.542,2028.6,100582.75,1.192,N
1004112,110071160442,Southern Indiana Gas & Electric Company,IN,Evansville,IN,47711,One Vectren Square,VANDERBURGH COUNTY,38.005965,-87.549475,22494.6,27.1,22467.5,,N
1006640,110071160910,Southwest Gas - Arizona,AZ,Las Vegas,NV,89150,5241 Spring Mountain Road,CLARK COUNTY,36.12604,-115.21297,93945,113,93832,,N
1006638,110071162171,Southwest Gas - California,CA,Las Vegas,NV,89150,5241 Spring Mountain Road,CLARK COUNTY,36.12604,-115.21297,15053,18,15035,,N
1006639,110071159970,Southwest Gas - Nevada,NV,Las vegas,NV,89150,5241 Spring Mountain Road,CLARK COUNTY,36.12604,-115.21297,44579.1,53.6,44525.5,,N
1005967,110071161141,Spire Alabama,AL,BIRMINGHAM,AL,35203,2101 6th Avenue North,JEFFERSON COUNTY,33.520058,-86.807637,156817.5,187.5,156630,,N
1003336,110071161339,Spire Gulf Inc.,AL,Mobile,AL,36606,2828 Dauphin St,MOBILE COUNTY,30.68858,-88.10822,12087.85,14.6,12073.25,,N
1001688,110071160157,Spire Mississippi,MS,Hattiesburg,MS,39401,1614 West 4th Street,FORREST COUNTY,31.214868,-89.284725,3062.85,3.6,3059.25,,N
1002544,110071159522,Spire Missouri East,MO,St. Louis,MO,63101,700 Market Street,ST. LOUIS CITY,38.628363,-90.191527,79336.65,115.9,79220.75,,N
1004482,110071160005,Spire Missouri West,MO,KANSAS CITY,MO,64129,7500 E. 35th Terrace,JACKSON COUNTY,39.06574,-94.59022,53079.85,64.1,53015.75,,N
1006297,110071162237,"Summit Utilities Inc., Arkansas (Arkansas)",AR,Centennial,CO,80112,10825 E. Geddes Ave.; Suite 410,HARRIS COUNTY,29.75761,-95.36826,81794.5,98.5,81696,,N
1004195,110071160440,"Summit Utilities Inc., Oklahoma",OK,Centennial,CO,80112,10825 E. Geddes Ave.; Suite 410,HARRIS COUNTY,29.75761,-95.36826,14018.9,16.9,14002,,N
1006771,110071160872,TECO Peoples Gas,FL,Tampa,FL,33602,702 North Franklin Street,HILLSBOROUGH COUNTY,27.95029,-82.4591,62741.196,1354.1,61386.5,0.596,N
1002482,110071161188,THE BROOKLYN UNION GAS COMPANY,NY,Brooklyn,NY,11201,One MetroTech Center,KINGS COUNTY,40.698677,-73.985941,190925.88,4318.4,186604.5,2.98,N
1002604,110071160503,THE NARRAGANSETT ELECTRIC COMPANY,RI,Providence,RI,2907,280 Melrose Street,PROVIDENCE COUNTY,41.795681,-71.426968,133351,160.5,133190.5,,N
1004336,110071160981,Texas Gas Service,TX,Austin,TX,78746,1301 S Mopac Expressway,TRAVIS COUNTY,30.26229,-97.78925,119995.75,144.5,119851.25,,N
1001966,110071159549,The Peoples Gas Light and Coke Company,IL,CHICAGO,IL,60601,200 East Randolph Street,COOK COUNTY,41.88448,-87.62312,162831.386,4168.3,158661,2.086,N
1005723,110071159222,Trussville Utilities,AL,Trussville,AL,35173,127 Main Street,JEFFERSON COUNTY,33.621523,-86.602293,2210.95,2.7,2208.25,,N
1007356,110071160012,"UGI Utilities, Inc.",PA,Denver,PA,17517,1 UGI Drive,,40.372376,-75.915056,136750.1,164.6,136585.5,,N
1000600,110071160542,UNS Gas,AZ,Flagstaff,AZ,86001,"2901 W. Shamrell Blvd., Suite 110",COCONINO COUNTY,35.13778,-111.68052,15049.2,18.2,15031,,N
1004296,110071160413,Vectren Energy Delivery of Ohio,OH,Evansville,IN,47708,One Vectren Square,VANDERBURGH COUNTY,37.973424,-87.575423,41753.55,50.3,41703.25,,N
1003922,110071160358,"Vermont Gas Systems, Inc.",VT,South Burlington,VT,5403,85 Swift Street,CHITTENDEN COUNTY,44.449349,-73.160781,4100.9,4.9,4096,,N
1004180,110043793909,Virginia Natural Gas,VA,Norfolk,VA,23510,150 West Main Street,NORFOLK CITY,36.84668,-76.29339,50813.9,4929.4,45884.5,,N
1001917,110071160959,WASHINGTON GAS LIGHT COMPANY,DC,SPRINGFIELD,VA,22151,6801 INDUSTRIAL ROAD,FAIRFAX COUNTY,38.79844,-77.1793,69894.45,84.2,69810.25,,N
1004120,110071160445,WISCONSIN ELECTRIC POWER COMPANY,WI,MILWAUKEE,WI,53201,231 W. MICHIGAN ST.,MILWAUKEE COUNTY,43.03741,-87.91381,56173.35,67.6,56105.75,,N
1004293,110071160446,WISCONSIN GAS COMPANY,WI,MILWAUKEE,WI,53201,231 W. MICHIGAN ST.,MILWAUKEE COUNTY,43.03741,-87.91381,61520.1,74.1,61446,,N
1007849,110071160721,Washington Gas Light Company (MD),MD,Springfield,VA,22151,6801 Industrial Road,FAIRFAX COUNTY,38.79844,-77.1793,51677.95,93.7,51584.25,,N
1007850,110071160723,Washington Gas Light Company (VA),VA,Springfield,VA,22151,6801 Industrial Rd,FAIRFAX COUNTY,38.79844,-77.1793,49393.1,72.6,49320.5,,N
1011115,110010642073,"West Texas Gas Utility, LLC",TX,Midland,TX,79705,303 Veterans Airpark Ln. Ste 5000,MIDLAND COUNTY,31.99906,-102.07688,31463.65,37.9,31425.75,,N
1002025,110071161924,Wisconsin Power & Light Gas Distribution,WI,Madison,WI,53718,4902 North Biltmore Lane,DANE COUNTY,43.15217,-89.29536,22191.1,162.6,22028.5,,N
1002250,110071160885,Wisconsin Public Service Corporation,WI,Green Bay,WI,54307,700 North Adams,BROWN COUNTY,44.518347,-88.011616,39715.648,444.6,39270.75,0.298,N
1007107,110071161440,Yankee Gas Supply,CT,Berlin,CT,6037,107 Selden Street,HARTFORD COUNTY,41.614604,-72.780642,46409.15,55.9,46353.25,,N